<step title="Incoming Request" date="2026-02-10T04:46:06.412" instance="a2fa83" url="/deploy?scmType=ExternalGit&amp;isAsync=true" method="POST" type="request" pid="776,1,24" Host="deeptrace.scm.azurewebsites.net" User-Agent="Azure-WebSites-Controller/107.0.7.33" Authorization="Bas..." Expect="100-continue" Content-Length="77" x-ms-request-id="dee68e78-6fde-4434-ba77-7ab19c34bd99" X-ARR-LOG-ID="dee68e78-6fde-4434-ba77-7ab19c34bd99" CLIENT-IP="20.115.232.12:4800" X-SITE-DEPLOYMENT-ID="deeptrace" WAS-DEFAULT-HOSTNAME="deeptrace.scm.azurewebsites.net" X-MS-PLATFORM-INTERNAL="True" X-Forwarded-Proto="https" X-AppService-Proto="https" X-Forwarded-TlsVersion="1.3" X-WAWS-Unencoded-URL="/deploy?scmType=ExternalGit&amp;isAsync=true" X-Client-IP="20.115.232.12" X-Client-Port="4800" >
  <step title="Cleanup Xml Logs" date="2026-02-10T04:46:06.422" /><!-- duration: 126ms -->
  <step title="FetchHandler" date="2026-02-10T04:46:07.042" >
    <step title="Executing external process" date="2026-02-10T04:46:07.215" type="process" path="git" arguments="rev-parse --git-dir" /><!-- duration: 178ms -->
    <step title="Executing external process" date="2026-02-10T04:46:07.414" type="process" path="git" arguments="rev-parse --git-dir" /><!-- duration: 73ms -->
    <step title="Executing external process" date="2026-02-10T04:46:07.508" type="process" path="git" arguments="log -n 1 main --" /><!-- duration: 313ms -->
    <step title="Start deployment in the background" date="2026-02-10T04:46:07.877" >
      <step title="Executing external process" date="2026-02-10T04:46:07.925" type="process" path="git" arguments="rev-parse --git-dir" /><!-- duration: 111ms -->
      <step title="Executing external process" date="2026-02-10T04:46:08.067" type="process" path="git" arguments="rev-parse --git-dir" /><!-- duration: 86ms -->
      <step title="Executing external process" date="2026-02-10T04:46:08.170" type="process" path="git" arguments="log -n 1 main --" /><!-- duration: 124ms -->
      <step title="Acquiring Deployment Lock" date="2026-02-10T04:46:08.306" /><!-- duration: 11ms -->
      <step title="Cannot Acquire Deployment Lock already held" date="2026-02-10T04:46:08.443" /><!-- duration: 25ms -->
    </step><!-- duration: 905ms -->
  </step><!-- duration: 1783ms -->
  <step title="Outgoing response" date="2026-02-10T04:46:08.833" type="response" statusCode="202" statusText="Accepted" /><!-- duration: 20ms -->
</step><!-- duration: 2477ms -->
