<step title="Incoming Request" date="2026-02-10T04:23:33.981" instance="a2fa83" url="/deploy?scmType=ExternalGit&amp;isAsync=true" method="POST" type="request" pid="770,1,7" Host="deeptrace.scm.azurewebsites.net" User-Agent="Azure-WebSites-Controller/107.0.7.33" Authorization="Bas..." Expect="100-continue" Content-Length="77" x-ms-request-id="926c26c4-7c8a-4fb6-8a8c-e14bf929f66a" X-ARR-LOG-ID="926c26c4-7c8a-4fb6-8a8c-e14bf929f66a" CLIENT-IP="20.115.232.12:3714" X-SITE-DEPLOYMENT-ID="deeptrace" WAS-DEFAULT-HOSTNAME="deeptrace.scm.azurewebsites.net" X-MS-PLATFORM-INTERNAL="True" X-Forwarded-Proto="https" X-AppService-Proto="https" X-Forwarded-TlsVersion="1.3" X-WAWS-Unencoded-URL="/deploy?scmType=ExternalGit&amp;isAsync=true" X-Client-IP="20.115.232.12" X-Client-Port="3714" >
  <step title="FetchHandler" date="2026-02-10T04:23:34.017" >
    <step title="GitExeRepository.Initialize" date="2026-02-10T04:23:34.101" >
      <step title="Executing external process" date="2026-02-10T04:23:34.109" type="process" path="git" arguments="init" /><!-- duration: 400ms -->
      <step title="Executing external process" date="2026-02-10T04:23:34.516" type="process" path="git" arguments="config core.autocrlf false" /><!-- duration: 32ms -->
      <step title="Executing external process" date="2026-02-10T04:23:34.551" type="process" path="git" arguments="config core.preloadindex true" /><!-- duration: 21ms -->
      <step title="Executing external process" date="2026-02-10T04:23:34.576" type="process" path="git" arguments="config user.name &quot;unknown&quot;" /><!-- duration: 22ms -->
      <step title="Executing external process" date="2026-02-10T04:23:34.601" type="process" path="git" arguments="config user.email &quot;unknown&quot;" /><!-- duration: 33ms -->
      <step title="Executing external process" date="2026-02-10T04:23:34.656" type="process" path="git" arguments="config filter.lfs.clean &quot;git-lfs clean %f&quot;" /><!-- duration: 22ms -->
      <step title="Executing external process" date="2026-02-10T04:23:34.681" type="process" path="git" arguments="config filter.lfs.smudge &quot;git-lfs smudge %f&quot;" /><!-- duration: 26ms -->
      <step title="Executing external process" date="2026-02-10T04:23:34.712" type="process" path="git" arguments="config filter.lfs.required true" /><!-- duration: 65ms -->
      <step title="Configure git server" date="2026-02-10T04:23:34.779" >
        <step title="Executing external process" date="2026-02-10T04:23:34.781" type="process" path="git" arguments="config receive.denyCurrentBranch ignore" /><!-- duration: 20ms -->
      </step><!-- duration: 24ms -->
      <step title="Create deny users for .git folder" date="2026-02-10T04:23:34.805" /><!-- duration: 30ms -->
      <step title="Configure git-credential" date="2026-02-10T04:23:34.838" >
        <step title="Executing external process" date="2026-02-10T04:23:34.854" type="process" path="git" arguments="config credential.helper &quot;!&apos;/home/site/repository/.git/hooks/git-credential-invalid.sh&apos;&quot;" /><!-- duration: 42ms -->
      </step><!-- duration: 61ms -->
      <step title="Setup post receive hook" date="2026-02-10T04:23:34.901" >
        <step title="Non-Windows enviroment, granting 755 permission to post-receive hook file" date="2026-02-10T04:23:34.917" /><!-- duration: 38ms -->
      </step><!-- duration: 56ms -->
    </step><!-- duration: 861ms -->
    <step title="Executing external process" date="2026-02-10T04:23:34.965" type="process" path="git" arguments="log -n 1 main --" >
      <step title="Process dump" date="2026-02-10T04:23:34.988" exitCode="128" type="processOutput" /><!-- duration: 3ms -->
    </step><!-- duration: 30ms -->
    <step title="Start deployment in the background" date="2026-02-10T04:23:35.000" >
      <step title="Executing external process" date="2026-02-10T04:23:35.046" type="process" path="git" arguments="rev-parse --git-dir" /><!-- duration: 21ms -->
      <step title="Executing external process" date="2026-02-10T04:23:35.073" type="process" path="git" arguments="rev-parse --git-dir" /><!-- duration: 36ms -->
      <step title="Executing external process" date="2026-02-10T04:23:35.119" type="process" path="git" arguments="log -n 1 main --" >
        <step title="Process dump" date="2026-02-10T04:23:35.163" exitCode="128" type="processOutput" /><!-- duration: 8ms -->
      </step><!-- duration: 55ms -->
      <step title="Acquiring Deployment Lock" date="2026-02-10T04:23:35.176" /><!-- duration: 2ms -->
      <step title="Acquired Deployment Lock" date="2026-02-10T04:23:35.345" /><!-- duration: 5ms -->
    </step><!-- duration: 496ms -->
  </step><!-- duration: 1491ms -->
  <step title="Outgoing response" date="2026-02-10T04:23:35.537" type="response" statusCode="202" statusText="Accepted" /><!-- duration: 9ms -->
</step><!-- duration: 1567ms -->
