<step title="Incoming Request" date="2026-02-10T04:43:34.773" instance="a2fa83" url="/deploy?scmType=ExternalGit&amp;isAsync=true" method="POST" type="request" pid="776,1,5" Host="deeptrace.scm.azurewebsites.net" User-Agent="Azure-WebSites-Controller/107.0.7.33" Authorization="Bas..." Expect="100-continue" Content-Length="77" x-ms-request-id="6167f13f-0483-4739-83e3-6637398b0666" X-ARR-LOG-ID="6167f13f-0483-4739-83e3-6637398b0666" CLIENT-IP="20.115.232.12:3715" X-SITE-DEPLOYMENT-ID="deeptrace" WAS-DEFAULT-HOSTNAME="deeptrace.scm.azurewebsites.net" X-MS-PLATFORM-INTERNAL="True" X-Forwarded-Proto="https" X-AppService-Proto="https" X-Forwarded-TlsVersion="1.3" X-WAWS-Unencoded-URL="/deploy?scmType=ExternalGit&amp;isAsync=true" X-Client-IP="20.115.232.12" X-Client-Port="3715" >
  <step title="Cleanup Xml Logs" date="2026-02-10T04:43:34.775" /><!-- duration: 7ms -->
  <step title="FetchHandler" date="2026-02-10T04:43:34.815" >
    <step title="Executing external process" date="2026-02-10T04:43:34.918" type="process" path="git" arguments="rev-parse --git-dir" /><!-- duration: 79ms -->
    <step title="Executing external process" date="2026-02-10T04:43:35.006" type="process" path="git" arguments="rev-parse --git-dir" /><!-- duration: 28ms -->
    <step title="Executing external process" date="2026-02-10T04:43:35.038" type="process" path="git" arguments="log -n 1 main --" /><!-- duration: 58ms -->
    <step title="Start deployment in the background" date="2026-02-10T04:43:35.106" >
      <step title="Executing external process" date="2026-02-10T04:43:35.150" type="process" path="git" arguments="rev-parse --git-dir" /><!-- duration: 58ms -->
      <step title="Executing external process" date="2026-02-10T04:43:35.217" type="process" path="git" arguments="rev-parse --git-dir" /><!-- duration: 38ms -->
      <step title="Executing external process" date="2026-02-10T04:43:35.263" type="process" path="git" arguments="log -n 1 main --" /><!-- duration: 28ms -->
      <step title="Acquiring Deployment Lock" date="2026-02-10T04:43:35.296" /><!-- duration: 3ms -->
      <step title="Acquired Deployment Lock" date="2026-02-10T04:43:35.434" /><!-- duration: 18ms -->
    </step><!-- duration: 548ms -->
  </step><!-- duration: 846ms -->
  <step title="Outgoing response" date="2026-02-10T04:43:35.671" type="response" statusCode="202" statusText="Accepted" /><!-- duration: 3ms -->
</step><!-- duration: 903ms -->
